circuit_name,noise_level,qubits_before,qubits_after,depth_before,depth_after,one_q_before,one_q_after,two_q_before,two_q_after,swap_inserted,shots,fidelity_ideal,fidelity_noisy,fidelity_mitigated,infidelity_noisy,infidelity_mitigated,relative_error_reduction_pct,tvd_noisy,tvd_mitigated,classical_time_sec,statevector_memory_bytes
bell_state_2q,low,2,4,3,5,1,3,1,1,0,4096,1.0,0.977535037053537,0.9793046126346792,0.022464962946463052,0.02069538736532084,7.8770465162099015,0.0224609375,0.02069091796875,0.00906170,64
bell_state_2q,medium,2,4,3,5,1,3,1,1,0,4096,1.0,0.9431040833450175,0.949637336431366,0.056895916654982504,0.05036266356863395,11.48281541180939,0.056884765625,0.05035400390624991,0.00095220,64
bell_state_2q,high,2,4,3,5,1,3,1,1,0,4096,1.0,0.8872056085580544,0.9010401899934479,0.11279439144194559,0.09895981000655207,12.26530970071687,0.11279296875,0.09895833333333329,0.00056930,64
ghz_state_3q,low,3,4,4,6,1,3,2,2,0,4096,1.0,0.9643549116628003,0.9688720571932279,0.035645088337199704,0.031127942806772113,12.67256090852056,0.03564453125,0.031127929687500028,0.00070590,128
ghz_state_3q,medium,3,4,4,6,1,3,2,2,0,4096,1.0,0.9135740558317867,0.9290568031894889,0.08642594416821325,0.07094319681051109,17.914467127564908,0.08642578125,0.07094319661458329,0.00071240,128
ghz_state_3q,high,3,4,4,6,1,3,2,2,0,4096,1.0,0.8159093747322084,0.8493737350577247,0.18409062526779163,0.15062626494227527,18.17819906735428,0.18408203125,0.15061442057291669,0.00080380,128
non_local_bell_3q,low,3,4,3,5,1,3,1,4,1,4096,1.0,0.9582519252852812,0.9695427298896886,0.04174807471471875,0.030457270110311407,27.04509053785574,0.041748046875,0.03045654296875003,0.00058870,128
non_local_bell_3q,medium,3,4,3,5,1,3,1,4,1,4096,1.0,0.8928149058663885,0.923911215582816,0.10718509413361155,0.07608878441718403,29.011785610473435,0.107177734375,0.07607014973958333,0.00058020,128
non_local_bell_3q,high,3,4,3,5,1,3,1,4,1,4096,1.0,0.7717258340674176,0.8213648832341661,0.22827416593258243,0.17863511676583388,21.745364379694525,0.228271484375,0.17862955729166663,0.00064430,128
qaoa_ansatz_3q_p2,low,3,4,16,26,13,43,8,8,0,4096,1.0,0.9958764856025697,0.9977669278653761,0.004123514397430306,0.0022330721346238702,45.84541438692496,0.0419921875,0.025899251302083367,0.00170380,128
qaoa_ansatz_3q_p2,medium,3,4,16,26,13,43,8,8,0,4096,1.0,0.9808505286268624,0.9905642307091681,0.019149471373137605,0.009435769290831897,50.72569311720972,0.100830078125,0.06597900390624997,0.00171560,128
qaoa_ansatz_3q_p2,high,3,4,16,26,13,43,8,8,0,4096,1.0,0.9369902544803668,0.956423993488058,0.06300974551963323,0.043576006511942045,30.842433733740155,0.213623046875,0.17474365234374983,0.00165270,128
ghz_state_3q,extreme_stress_test,3,4,4,6,1,3,2,2,0,4096,1.0,0.4973130471322334,0.5336873492992655,0.5026869528677667,0.46631265070073447,7.235974985927387,0.502685546875,0.46630859375,0.00059130,128
